{
  "version": 1,
  "author": "EQUIPO 3",
  "editor": "wokwi",
  "parts": [
    { "type": "wokwi-arduino-uno", "id": "uno", "top": -37.8, "left": 9, "attrs": {} },
    { "type": "chip-gps-neo6m", "id": "chip1", "top": 212.22, "left": 206.4, "attrs": {} },
    { "type": "wokwi-ili9341", "id": "lcd1", "top": -95.2, "left": -288.3, "attrs": {} }
  ],
  "connections": [
    [ "lcd1:VCC", "uno:5V", "red", [ "v28.8", "h19.2" ] ],
    [ "chip1:VCC", "uno:5V", "red", [ "h0" ] ],
    [ "lcd1:GND", "uno:GND.2", "black", [ "v19.2", "h412.8" ] ],
    [ "chip1:GND", "uno:GND.2", "black", [ "h0" ] ],
    [ "lcd1:CS", "uno:10", "green", [ "v67.2", "h566.4", "v-336", "h-182.4" ] ],
    [ "lcd1:RST", "uno:9", "green", [ "v76.8", "h566.4", "v-355.2", "h-182.4" ] ],
    [ "lcd1:D/C", "uno:8", "green", [ "v86.4", "h566.4", "v-374.4", "h-182.4" ] ],
    [ "lcd1:MOSI", "uno:11", "green", [ "v96", "h566.39", "v-393.6", "h-220.8" ] ],
    [ "lcd1:SCK", "uno:13", "green", [ "v105.6", "h566.39", "v-412.8", "h-249.6" ] ],
    [ "lcd1:LED", "uno:3.3V", "green", [ "v9.6", "h335.99" ] ],
    [ "chip1:OUT", "uno:4", "green", [ "h11.41", "v-268.8", "h-115.2" ] ],
    [ "chip1:TX", "uno:4", "green", [ "h11.41", "v-268.8", "h-115.2" ] ],
    [ "chip1:RX", "uno:3", "green", [ "v0", "h21.01", "v-288", "h-9.6" ] ]
  ],
  "dependencies": {}
}